-- =============================================================
-- HAAT NOW Phase 2 — Demo Seed Data
-- Run once against the Supabase project to populate demo content.
-- All inserts are idempotent via ON CONFLICT (id) DO NOTHING.
-- =============================================================

-- ─────────────────────────────────────────────────────────────
-- 1. GEOGRAPHY
-- ─────────────────────────────────────────────────────────────
insert into countries (id, name, code)
values ('00000000-0000-0000-0000-000000000001', 'المملكة العربية السعودية', 'SA')
on conflict (id) do nothing;

insert into cities (id, country_id, name)
values ('00000000-0000-0000-0000-000000000010', '00000000-0000-0000-0000-000000000001', 'الرياض')
on conflict (id) do nothing;

insert into zones (id, city_id, name)
values
  ('00000000-0000-0000-0000-000000000020', '00000000-0000-0000-0000-000000000010', 'حي النخيل'),
  ('00000000-0000-0000-0000-000000000021', '00000000-0000-0000-0000-000000000010', 'حي الملقا'),
  ('00000000-0000-0000-0000-000000000022', '00000000-0000-0000-0000-000000000010', 'حي الرحمانية')
on conflict (id) do nothing;

-- ─────────────────────────────────────────────────────────────
-- 2. CATEGORIES
-- ─────────────────────────────────────────────────────────────
insert into categories (id, name)
values
  ('00000000-0000-0000-0000-000000000030', 'مطاعم'),
  ('00000000-0000-0000-0000-000000000031', 'سوبر ماركت'),
  ('00000000-0000-0000-0000-000000000032', 'صيدلية'),
  ('00000000-0000-0000-0000-000000000033', 'قهوة'),
  ('00000000-0000-0000-0000-000000000034', 'حلويات')
on conflict (id) do nothing;

-- ─────────────────────────────────────────────────────────────
-- 3. MERCHANTS
-- ─────────────────────────────────────────────────────────────
insert into merchants (id, business_name)
values
  ('00000000-0000-0000-0000-000000000040', 'مطعم الجليلة'),
  ('00000000-0000-0000-0000-000000000041', 'مايسترو بيتزا'),
  ('00000000-0000-0000-0000-000000000042', 'التميمي'),
  ('00000000-0000-0000-0000-000000000043', 'مليون قهوة'),
  ('00000000-0000-0000-0000-000000000044', 'صيدلية النهدي')
on conflict (id) do nothing;

-- ─────────────────────────────────────────────────────────────
-- 4. MERCHANT BRANCHES
-- ─────────────────────────────────────────────────────────────
insert into merchant_branches (id, merchant_id, zone_id, name, is_active, cover_image_url, latitude, longitude)
values
  ('00000000-0000-0000-0000-000000000050',
   '00000000-0000-0000-0000-000000000040',
   '00000000-0000-0000-0000-000000000020',
   'مطعم الجليلة — حي النخيل',
   true,
   'https://images.unsplash.com/photo-1555396273-367ea4eb4db5?w=800&q=80',
   24.7758, 46.7381),

  ('00000000-0000-0000-0000-000000000051',
   '00000000-0000-0000-0000-000000000041',
   '00000000-0000-0000-0000-000000000020',
   'مايسترو بيتزا — حي النخيل',
   true,
   'https://images.unsplash.com/photo-1513104890138-7c749659a591?w=800&q=80',
   24.7802, 46.7405),

  ('00000000-0000-0000-0000-000000000052',
   '00000000-0000-0000-0000-000000000042',
   '00000000-0000-0000-0000-000000000021',
   'التميمي — حي الملقا',
   true,
   'https://images.unsplash.com/photo-1542838132-92c53300491e?w=800&q=80',
   24.7844, 46.7360),

  ('00000000-0000-0000-0000-000000000053',
   '00000000-0000-0000-0000-000000000043',
   '00000000-0000-0000-0000-000000000021',
   'مليون قهوة — حي الملقا',
   true,
   'https://images.unsplash.com/photo-1495474472287-4d71bcdd2085?w=800&q=80',
   24.7860, 46.7342),

  ('00000000-0000-0000-0000-000000000054',
   '00000000-0000-0000-0000-000000000044',
   '00000000-0000-0000-0000-000000000022',
   'صيدلية النهدي — حي الرحمانية',
   true,
   'https://images.unsplash.com/photo-1576671081837-49000212a370?w=800&q=80',
   24.7720, 46.7420)
on conflict (id) do nothing;

-- ─────────────────────────────────────────────────────────────
-- 5. PRODUCTS
-- ─────────────────────────────────────────────────────────────

-- مطعم الجليلة
insert into products (id, branch_id, category_id, name, price)
values
  ('00000000-0000-0000-0000-000000000060', '00000000-0000-0000-0000-000000000050', '00000000-0000-0000-0000-000000000030', 'كبسة لحم فاخرة', 45.00),
  ('00000000-0000-0000-0000-000000000061', '00000000-0000-0000-0000-000000000050', '00000000-0000-0000-0000-000000000030', 'مندي دجاج',        38.00),
  ('00000000-0000-0000-0000-000000000062', '00000000-0000-0000-0000-000000000050', '00000000-0000-0000-0000-000000000030', 'مرق جليلة',         18.00),
  ('00000000-0000-0000-0000-000000000063', '00000000-0000-0000-0000-000000000050', '00000000-0000-0000-0000-000000000030', 'رز بخاري بالدجاج',  35.00)
on conflict (id) do nothing;

insert into product_variants (id, product_id, name, price_modifier)
values
  ('00000000-0000-0000-0000-000000000160', '00000000-0000-0000-0000-000000000060', 'فردي',   0.00),
  ('00000000-0000-0000-0000-000000000161', '00000000-0000-0000-0000-000000000060', 'عائلي', 40.00),
  ('00000000-0000-0000-0000-000000000162', '00000000-0000-0000-0000-000000000061', 'نصف',    0.00),
  ('00000000-0000-0000-0000-000000000163', '00000000-0000-0000-0000-000000000061', 'كامل',  22.00)
on conflict (id) do nothing;

-- مايسترو بيتزا
insert into products (id, branch_id, category_id, name, price)
values
  ('00000000-0000-0000-0000-000000000064', '00000000-0000-0000-0000-000000000051', '00000000-0000-0000-0000-000000000030', 'بيتزا مارغريتا',      32.00),
  ('00000000-0000-0000-0000-000000000065', '00000000-0000-0000-0000-000000000051', '00000000-0000-0000-0000-000000000030', 'بيتزا بيبروني',       38.00),
  ('00000000-0000-0000-0000-000000000066', '00000000-0000-0000-0000-000000000051', '00000000-0000-0000-0000-000000000030', 'باستا كريمي دجاج',    28.00),
  ('00000000-0000-0000-0000-000000000067', '00000000-0000-0000-0000-000000000051', '00000000-0000-0000-0000-000000000030', 'لازانيا لحم',          35.00)
on conflict (id) do nothing;

insert into product_variants (id, product_id, name, price_modifier)
values
  ('00000000-0000-0000-0000-000000000164', '00000000-0000-0000-0000-000000000064', 'وسط',   0.00),
  ('00000000-0000-0000-0000-000000000165', '00000000-0000-0000-0000-000000000064', 'كبير',  15.00),
  ('00000000-0000-0000-0000-000000000166', '00000000-0000-0000-0000-000000000065', 'وسط',    0.00),
  ('00000000-0000-0000-0000-000000000167', '00000000-0000-0000-0000-000000000065', 'عائلي',  22.00)
on conflict (id) do nothing;

-- التميمي (سوبر ماركت)
insert into products (id, branch_id, category_id, name, price)
values
  ('00000000-0000-0000-0000-000000000068', '00000000-0000-0000-0000-000000000052', '00000000-0000-0000-0000-000000000031', 'حليب طازج 1 لتر',    8.00),
  ('00000000-0000-0000-0000-000000000069', '00000000-0000-0000-0000-000000000052', '00000000-0000-0000-0000-000000000031', 'خبز تميس',            4.00),
  ('00000000-0000-0000-0000-000000000070', '00000000-0000-0000-0000-000000000052', '00000000-0000-0000-0000-000000000031', 'عصير برتقال طبيعي',  15.00),
  ('00000000-0000-0000-0000-000000000071', '00000000-0000-0000-0000-000000000052', '00000000-0000-0000-0000-000000000031', 'بيض طازج 15 بيضة',   22.00),
  ('00000000-0000-0000-0000-000000000072', '00000000-0000-0000-0000-000000000052', '00000000-0000-0000-0000-000000000031', 'زبدة 200 جرام',       12.00)
on conflict (id) do nothing;

-- مليون قهوة
insert into products (id, branch_id, category_id, name, price)
values
  ('00000000-0000-0000-0000-000000000073', '00000000-0000-0000-0000-000000000053', '00000000-0000-0000-0000-000000000033', 'قهوة عربية فاخرة',   12.00),
  ('00000000-0000-0000-0000-000000000074', '00000000-0000-0000-0000-000000000053', '00000000-0000-0000-0000-000000000033', 'لاتيه كراميل',        18.00),
  ('00000000-0000-0000-0000-000000000075', '00000000-0000-0000-0000-000000000053', '00000000-0000-0000-0000-000000000033', 'موكا شوكولاتة بيضاء', 20.00),
  ('00000000-0000-0000-0000-000000000076', '00000000-0000-0000-0000-000000000053', '00000000-0000-0000-0000-000000000033', 'كابتشينو دبل شوت',    16.00)
on conflict (id) do nothing;

insert into product_variants (id, product_id, name, price_modifier)
values
  ('00000000-0000-0000-0000-000000000168', '00000000-0000-0000-0000-000000000074', 'ساخن',  0.00),
  ('00000000-0000-0000-0000-000000000169', '00000000-0000-0000-0000-000000000074', 'بارد',  2.00),
  ('00000000-0000-0000-0000-000000000170', '00000000-0000-0000-0000-000000000075', 'وسط',   0.00),
  ('00000000-0000-0000-0000-000000000171', '00000000-0000-0000-0000-000000000075', 'كبير',  5.00)
on conflict (id) do nothing;

-- صيدلية النهدي
insert into products (id, branch_id, category_id, name, price)
values
  ('00000000-0000-0000-0000-000000000077', '00000000-0000-0000-0000-000000000054', '00000000-0000-0000-0000-000000000032', 'باراسيتامول 500مج',    12.00),
  ('00000000-0000-0000-0000-000000000078', '00000000-0000-0000-0000-000000000054', '00000000-0000-0000-0000-000000000032', 'فيتامين C 1000مج',     28.00),
  ('00000000-0000-0000-0000-000000000079', '00000000-0000-0000-0000-000000000054', '00000000-0000-0000-0000-000000000032', 'مرطب يدين فاخر',       35.00),
  ('00000000-0000-0000-0000-000000000080', '00000000-0000-0000-0000-000000000054', '00000000-0000-0000-0000-000000000032', 'واقي شمس SPF 50',      55.00)
on conflict (id) do nothing;

-- ─────────────────────────────────────────────────────────────
-- 6. OFFERS
-- ─────────────────────────────────────────────────────────────
insert into offers (id, title, description, discount_percent, start_date, end_date, is_active)
values
  ('00000000-0000-0000-0000-000000000090',
   'خصم 20% على كل طلباتك اليوم',
   'استمتع بخصم 20% على جميع المطاعم المشاركة. العرض ساري طوال اليوم فقط!',
   20,
   '2026-06-01 00:00:00+03',
   '2026-12-31 23:59:59+03',
   true),

  ('00000000-0000-0000-0000-000000000091',
   'توصيل مجاني للطلبات فوق 50 ر.س',
   'اطلب أكثر من 50 ريال من أي متجر وادفع 0 ريال توصيل.',
   10,
   '2026-06-01 00:00:00+03',
   '2026-09-30 23:59:59+03',
   true),

  ('00000000-0000-0000-0000-000000000092',
   'عرض رمضان الفاخر',
   'خصم 30% على قائمة المطاعم المختارة خلال ساعات المساء.',
   30,
   '2026-06-01 00:00:00+03',
   '2026-08-31 23:59:59+03',
   true),

  ('00000000-0000-0000-0000-000000000093',
   'باقة الصيف — خصم 15%',
   'عروض حصرية لأعضاء Platinum طوال موسم الصيف.',
   15,
   '2026-06-01 00:00:00+03',
   '2026-12-31 23:59:59+03',
   true)
on conflict (id) do nothing;

-- ─────────────────────────────────────────────────────────────
-- 7. BANNERS
-- ─────────────────────────────────────────────────────────────
insert into banners (id, title, image_url, link_url, display_order, is_active)
values
  ('00000000-0000-0000-0000-000000000100',
   'توصيل فاخر في 30 دقيقة',
   'https://images.unsplash.com/photo-1565299624946-b28f40a0ae38?w=1200&q=80',
   null,
   1,
   true),

  ('00000000-0000-0000-0000-000000000101',
   'خصم 20% على أول طلب',
   'https://images.unsplash.com/photo-1504674900247-0877df9cc836?w=1200&q=80',
   null,
   2,
   true),

  ('00000000-0000-0000-0000-000000000102',
   'مطاعم فاخرة بنقرة واحدة',
   'https://images.unsplash.com/photo-1414235077428-338989a2e8c0?w=1200&q=80',
   null,
   3,
   true)
on conflict (id) do nothing;

-- ─────────────────────────────────────────────────────────────
-- 8. COUPONS
-- ─────────────────────────────────────────────────────────────
insert into coupons (id, code, discount_percent)
values
  ('00000000-0000-0000-0000-000000000110', 'HAAT20',     20),
  ('00000000-0000-0000-0000-000000000111', 'WELCOME10',  10),
  ('00000000-0000-0000-0000-000000000112', 'PLATINUM30', 30)
on conflict (id) do nothing;
